{
  "roc_auc": 0.9443239795918368,
  "pr_auc": 0.5785779372752008,
  "f1": 0.5306122448979592,
  "f2": 0.5963302752293578,
  "confusion_matrix": [
    [
      1928,
      32
    ],
    [
      14,
      26
    ]
  ],
  "threshold": 0.635,
  "threshold_info": {
    "strategy": "max_f2",
    "f2": 0.5963302752293578
  }
}