{
  "roc_auc": 0.9457908163265306,
  "pr_auc": 0.41847091534057174,
  "f1": 0.3575418994413408,
  "f2": 0.5351170568561873,
  "confusion_matrix": [
    [
      1853,
      107
    ],
    [
      8,
      32
    ]
  ],
  "classification_report": {
    "0": {
      "precision": 0.9957012358946803,
      "recall": 0.9454081632653061,
      "f1-score": 0.9699031667102853,
      "support": 1960.0
    },
    "1": {
      "precision": 0.2302158273381295,
      "recall": 0.8,
      "f1-score": 0.3575418994413408,
      "support": 40.0
    },
    "accuracy": 0.9425,
    "macro avg": {
      "precision": 0.6129585316164049,
      "recall": 0.872704081632653,
      "f1-score": 0.6637225330758131,
      "support": 2000.0
    },
    "weighted avg": {
      "precision": 0.9803915277235493,
      "recall": 0.9425,
      "f1-score": 0.9576559413649064,
      "support": 2000.0
    }
  },
  "threshold": 0.3425,
  "threshold_info": {
    "strategy": "max_f2",
    "f2": 0.5351170568561873
  },
  "best_params_": {
    "clf": "RandomForestClassifier",
    "clf__class_weight": "balanced",
    "clf__max_depth": 12,
    "clf__max_features": "sqrt",
    "clf__min_samples_leaf": 3,
    "clf__n_estimators": 600
  }
}